Time(s),Alertness Score,PERCLOS(%),Nod Ratio,Jaw Open,Turn Ratio
77.36,99,0.00,0.430,0.003,0.877
77.38,99,0.00,0.424,0.003,0.880
77.41,99,0.00,0.423,0.003,0.891
77.44,99,0.00,0.423,0.003,0.893
77.47,99,0.00,0.424,0.003,0.892
77.50,99,0.00,0.423,0.004,0.893
77.53,99,0.00,0.423,0.004,0.892
77.57,99,0.00,0.425,0.004,0.891
77.60,99,0.00,0.427,0.004,0.893
77.63,99,0.00,0.430,0.004,0.895
77.67,99,0.00,0.429,0.005,0.894
77.71,99,0.00,0.430,0.005,0.892
77.74,99,0.00,0.429,0.005,0.890
77.77,99,0.00,0.428,0.005,0.890
77.80,99,0.00,0.424,0.005,0.892
77.83,99,0.00,0.421,0.004,0.893
77.86,99,0.00,0.425,0.004,0.899
77.91,99,0.00,0.422,0.005,0.897
77.94,99,0.00,0.426,0.004,0.899
77.97,99,0.00,0.423,0.004,0.891
78.00,99,0.00,0.423,0.004,0.891
78.03,99,0.00,0.423,0.004,0.890
78.06,99,0.00,0.424,0.005,0.885
78.10,99,0.00,0.427,0.005,0.886
78.13,99,0.00,0.431,0.004,0.891
78.17,99,0.00,0.431,0.005,0.884
78.23,99,0.00,0.431,0.004,0.881
78.25,99,0.00,0.431,0.005,0.876
78.27,99,0.00,0.431,0.006,0.863
78.30,99,0.00,0.430,0.006,0.862
78.33,99,0.00,0.429,0.006,0.862
78.36,99,0.00,0.428,0.005,0.863
78.41,99,0.00,0.428,0.005,0.865
78.44,99,0.00,0.428,0.005,0.866
78.47,99,0.00,0.429,0.006,0.866
78.50,99,0.00,0.427,0.006,0.865
78.54,99,0.00,0.426,0.006,0.865
78.57,99,0.00,0.426,0.006,0.863
78.60,99,0.00,0.424,0.005,0.859
78.63,99,0.00,0.423,0.005,0.859
78.68,99,0.00,0.423,0.005,0.859
78.71,99,0.00,0.422,0.005,0.862
78.74,99,0.00,0.421,0.006,0.861
78.79,99,0.00,0.421,0.006,0.858
78.82,99,0.00,0.421,0.006,0.857
78.85,99,0.00,0.421,0.006,0.856
78.89,99,0.00,0.419,0.005,0.853
78.93,99,0.00,0.416,0.005,0.841
78.97,99,0.00,0.413,0.004,0.843
79.00,99,0.00,0.413,0.003,0.840
79.03,99,0.00,0.414,0.004,0.833
79.06,99,0.00,0.414,0.004,0.832
79.09,99,0.00,0.415,0.004,0.832
79.12,99,0.00,0.414,0.004,0.831
79.15,99,0.00,0.410,0.003,0.827
79.22,94,1.79,0.408,0.002,0.826
79.26,94,1.75,0.410,0.003,0.829
79.30,94,1.72,0.414,0.003,0.830
79.33,94,1.69,0.415,0.003,0.825
79.36,94,1.67,0.417,0.003,0.834
79.39,94,1.64,0.414,0.003,0.837
79.43,94,1.61,0.414,0.003,0.840
79.46,94,1.59,0.414,0.003,0.841
79.49,94,1.56,0.415,0.003,0.842
79.51,94,1.54,0.416,0.004,0.843
79.54,94,1.52,0.415,0.004,0.842
79.57,94,1.49,0.413,0.004,0.840
79.60,95,1.47,0.413,0.004,0.840
79.64,95,1.45,0.413,0.003,0.838
79.68,95,1.43,0.411,0.003,0.836
79.71,95,1.41,0.410,0.002,0.836
79.74,95,1.39,0.411,0.002,0.835
79.77,95,1.37,0.411,0.002,0.835
79.80,95,1.35,0.412,0.002,0.836
79.83,95,1.33,0.412,0.002,0.833
79.86,95,1.32,0.411,0.002,0.830
79.91,95,1.30,0.412,0.002,0.828
79.94,95,1.28,0.413,0.002,0.826
79.97,95,1.27,0.413,0.002,0.822
80.00,95,1.25,0.415,0.002,0.821
80.03,95,1.23,0.415,0.002,0.818
80.06,95,1.22,0.416,0.002,0.819
80.11,95,1.20,0.416,0.002,0.818
80.14,95,1.19,0.415,0.002,0.818
80.17,96,1.18,0.415,0.002,0.814
80.21,96,1.16,0.417,0.002,0.800
80.24,96,1.15,0.416,0.001,0.790
80.27,96,1.14,0.413,0.001,0.771
80.30,96,1.12,0.407,0.002,0.731
80.34,96,1.11,0.406,0.002,0.724
80.37,96,1.10,0.404,0.002,0.707
80.40,96,1.09,0.404,0.003,0.694
80.44,96,1.08,0.402,0.004,0.693
80.46,96,1.06,0.400,0.003,0.690
80.50,96,1.05,0.397,0.003,0.687
80.54,96,1.04,0.400,0.003,0.680
80.58,96,1.03,0.400,0.003,0.671
80.61,96,1.02,0.400,0.003,0.675
80.64,96,1.01,0.402,0.004,0.677
80.67,96,1.00,0.400,0.003,0.678
80.70,96,0.99,0.402,0.004,0.679
80.74,96,0.98,0.402,0.003,0.679
80.77,96,0.97,0.402,0.003,0.674
80.80,96,0.96,0.402,0.003,0.676
80.83,96,0.95,0.400,0.003,0.680
80.88,96,0.94,0.401,0.003,0.687
80.91,96,0.93,0.402,0.003,0.693
80.94,96,0.93,0.403,0.003,0.695
80.97,96,0.92,0.403,0.003,0.697
81.00,96,0.91,0.401,0.002,0.700
81.03,96,0.90,0.396,0.002,0.711
81.06,96,0.89,0.396,0.002,0.727
81.09,94,1.77,0.395,0.002,0.736
81.14,94,1.75,0.395,0.002,0.758
81.17,91,2.61,0.397,0.002,0.782
81.21,91,2.59,0.405,0.003,0.792
81.24,91,2.56,0.409,0.003,0.813
81.27,91,2.54,0.410,0.002,0.823
81.30,88,3.36,0.417,0.002,0.832
81.33,88,3.33,0.418,0.002,0.836
81.36,88,3.31,0.423,0.002,0.841
81.40,89,3.28,0.423,0.002,0.853
81.44,89,3.25,0.423,0.002,0.863
81.47,89,3.23,0.425,0.002,0.875
81.50,89,3.20,0.425,0.002,0.886
81.53,89,3.17,0.426,0.001,0.891
81.57,89,3.15,0.424,0.001,0.899
81.60,89,3.12,0.425,0.001,0.906
81.63,89,3.10,0.426,0.002,0.906
81.68,89,3.08,0.426,0.001,0.905
81.71,89,3.05,0.426,0.001,0.904
81.74,89,3.03,0.425,0.001,0.906
81.77,89,3.01,0.425,0.001,0.906
81.80,90,2.99,0.425,0.001,0.907
81.84,90,2.96,0.426,0.001,0.907
81.86,90,2.94,0.427,0.001,0.907
81.91,90,2.92,0.426,0.001,0.909
81.94,90,2.90,0.426,0.002,0.901
81.97,90,2.88,0.427,0.002,0.900
82.00,90,2.86,0.427,0.001,0.900
82.04,90,2.84,0.427,0.002,0.900
82.07,90,2.82,0.428,0.002,0.901
82.10,90,2.80,0.428,0.002,0.905
82.13,90,2.78,0.428,0.002,0.911
82.17,90,2.76,0.427,0.002,0.911
82.21,90,2.74,0.426,0.002,0.908
82.24,90,2.72,0.427,0.002,0.908
82.27,90,2.70,0.427,0.002,0.908
82.30,91,2.68,0.427,0.002,0.908
82.33,91,2.67,0.427,0.002,0.906
82.36,91,2.67,0.428,0.002,0.902
82.41,91,2.67,0.428,0.002,0.899
82.45,91,2.67,0.427,0.003,0.893
82.48,91,2.67,0.427,0.003,0.891
82.53,91,2.67,0.427,0.003,0.892
82.58,91,2.67,0.427,0.003,0.892
82.61,91,2.67,0.426,0.003,0.891
82.65,91,2.67,0.426,0.002,0.892
82.68,91,2.67,0.423,0.002,0.887
82.73,91,2.67,0.424,0.003,0.889
82.76,91,2.67,0.422,0.003,0.885
82.79,91,2.67,0.424,0.003,0.887
82.82,91,2.67,0.424,0.003,0.890
82.85,91,2.67,0.423,0.003,0.888
82.88,91,2.67,0.421,0.003,0.884
82.91,91,2.67,0.421,0.003,0.885
82.94,91,2.67,0.423,0.003,0.885
82.97,91,2.67,0.424,0.003,0.887
83.00,91,2.67,0.423,0.003,0.884
83.04,91,2.67,0.423,0.003,0.888
83.07,91,2.67,0.423,0.002,0.886
83.11,91,2.67,0.420,0.002,0.875
83.14,91,2.67,0.419,0.002,0.870
83.18,91,2.67,0.419,0.002,0.860
83.21,91,2.67,0.419,0.002,0.859
83.24,88,3.33,0.418,0.002,0.858
83.27,88,3.33,0.421,0.002,0.860
83.30,88,3.33,0.421,0.002,0.860
83.34,88,3.33,0.421,0.002,0.860
83.37,88,3.33,0.421,0.002,0.861
83.41,88,3.33,0.420,0.002,0.864
83.44,88,3.33,0.420,0.003,0.875
83.47,88,3.33,0.419,0.003,0.876
83.50,88,3.33,0.419,0.003,0.882
83.53,88,3.33,0.422,0.004,0.869
83.56,88,3.33,0.419,0.004,0.870
83.61,88,3.33,0.420,0.004,0.873
83.64,88,3.33,0.420,0.004,0.869
83.67,88,3.33,0.421,0.003,0.867
83.70,88,3.33,0.420,0.003,0.864
83.73,88,3.33,0.421,0.004,0.865
83.76,88,3.33,0.424,0.003,0.865
83.80,88,3.33,0.426,0.004,0.864
83.84,88,3.33,0.428,0.004,0.864
83.87,88,3.33,0.428,0.003,0.860
83.90,88,3.33,0.431,0.003,0.867
83.94,88,3.33,0.430,0.003,0.873
83.97,88,3.33,0.431,0.003,0.874
84.00,88,3.33,0.428,0.003,0.876
84.03,88,3.33,0.430,0.003,0.880
84.07,88,3.33,0.430,0.003,0.881
84.11,88,3.33,0.428,0.006,0.879
84.14,88,3.33,0.422,0.005,0.878
84.17,88,3.33,0.422,0.004,0.879
84.20,88,3.33,0.422,0.004,0.877
84.23,91,2.67,0.424,0.004,0.858
84.27,91,2.67,0.424,0.004,0.850
84.30,91,2.67,0.424,0.004,0.842
84.34,91,2.67,0.424,0.004,0.840
84.37,91,2.67,0.429,0.004,0.826
84.41,91,2.67,0.430,0.005,0.826
84.44,91,2.67,0.430,0.005,0.829
84.47,91,2.67,0.430,0.005,0.823
84.50,90,2.67,0.431,0.006,0.827
84.53,90,2.67,0.429,0.007,0.824
84.56,90,2.67,0.429,0.006,0.833
84.60,91,2.67,0.428,0.005,0.842
84.64,91,2.67,0.427,0.005,0.841
84.67,91,2.67,0.427,0.004,0.846
84.70,91,2.67,0.427,0.005,0.846
84.74,91,2.67,0.424,0.004,0.846
84.77,91,2.67,0.425,0.004,0.847
84.80,91,2.67,0.426,0.004,0.837
84.83,91,2.67,0.427,0.004,0.841
84.88,91,2.67,0.427,0.004,0.836
84.91,91,2.67,0.431,0.004,0.839
84.94,91,2.67,0.429,0.003,0.846
84.97,91,2.67,0.428,0.003,0.843
85.00,91,2.67,0.428,0.003,0.849
85.03,91,2.67,0.426,0.003,0.847
85.06,91,2.67,0.428,0.003,0.843
85.11,91,2.67,0.427,0.003,0.837
85.14,91,2.67,0.426,0.004,0.842
85.17,91,2.67,0.427,0.004,0.846
85.20,91,2.67,0.427,0.004,0.851
85.24,91,2.67,0.427,0.003,0.859
85.26,91,2.67,0.427,0.003,0.861
85.30,91,2.67,0.427,0.003,0.863
85.34,91,2.67,0.429,0.003,0.861
85.37,91,2.67,0.429,0.003,0.859
85.40,91,2.67,0.429,0.003,0.859
85.44,91,2.67,0.429,0.003,0.860
85.47,91,2.67,0.429,0.003,0.861
85.50,91,2.67,0.429,0.002,0.862
85.53,91,2.67,0.428,0.003,0.868
85.56,91,2.67,0.424,0.003,0.866
85.61,91,2.67,0.425,0.003,0.864
85.65,91,2.67,0.426,0.004,0.856
85.69,91,2.67,0.425,0.004,0.845
85.76,91,2.67,0.429,0.004,0.843
85.79,91,2.67,0.430,0.004,0.843
85.81,91,2.67,0.431,0.004,0.844
85.84,91,2.67,0.432,0.004,0.845
85.87,91,2.67,0.432,0.003,0.846
85.90,91,2.67,0.432,0.004,0.852
85.93,91,2.67,0.434,0.003,0.864
85.96,91,2.67,0.433,0.003,0.869
86.00,91,2.67,0.429,0.003,0.876
86.04,91,2.67,0.429,0.003,0.880
86.07,91,2.67,0.430,0.003,0.879
86.11,91,2.67,0.431,0.003,0.877
86.13,91,2.67,0.433,0.002,0.881
86.17,93,2.00,0.433,0.002,0.890
86.20,93,2.00,0.434,0.002,0.886
86.23,93,2.00,0.431,0.002,0.883
86.28,93,2.00,0.431,0.001,0.881
86.31,93,2.00,0.430,0.001,0.880
86.34,93,2.00,0.428,0.002,0.884
86.37,95,1.33,0.429,0.002,0.884
86.40,95,1.33,0.429,0.003,0.888
86.43,95,1.33,0.433,0.003,0.886
86.46,95,1.33,0.436,0.003,0.882
86.51,95,1.33,0.436,0.004,0.879
86.54,95,1.33,0.434,0.004,0.875
86.57,95,1.33,0.437,0.004,0.874
86.60,95,1.33,0.439,0.004,0.877
86.63,95,1.33,0.437,0.003,0.878
86.66,95,1.33,0.435,0.003,0.879
86.70,95,1.33,0.434,0.003,0.877
86.74,95,1.33,0.428,0.003,0.881
86.77,95,1.33,0.428,0.004,0.884
86.80,95,1.33,0.428,0.005,0.885
86.84,95,1.33,0.429,0.005,0.881
86.87,95,1.33,0.430,0.003,0.880
86.90,95,1.33,0.428,0.004,0.881
86.93,95,1.33,0.429,0.004,0.879
86.98,95,1.33,0.429,0.004,0.870
87.01,95,1.33,0.431,0.003,0.872
87.04,95,1.33,0.430,0.003,0.870
87.07,95,1.33,0.429,0.003,0.872
87.11,95,1.33,0.430,0.003,0.879
87.14,95,1.33,0.429,0.002,0.879
87.17,95,1.33,0.425,0.002,0.877
87.20,95,1.33,0.425,0.001,0.882
87.25,95,1.33,0.424,0.002,0.891
87.30,95,1.33,0.428,0.002,0.887
87.34,95,1.33,0.429,0.002,0.884
87.38,95,1.33,0.426,0.002,0.883
87.42,95,1.33,0.428,0.002,0.882
87.46,95,1.33,0.432,0.002,0.877
87.49,95,1.33,0.433,0.002,0.864
87.52,95,1.33,0.434,0.003,0.867
87.55,95,1.33,0.429,0.001,0.865
87.61,95,1.33,0.429,0.001,0.862
87.64,95,1.33,0.429,0.002,0.863
87.66,95,1.33,0.434,0.003,0.859
87.70,95,1.33,0.429,0.002,0.844
87.74,95,1.33,0.424,0.003,0.812
87.77,95,1.33,0.423,0.003,0.796
87.80,95,1.33,0.421,0.004,0.772
87.84,95,1.33,0.420,0.004,0.750
87.87,95,1.33,0.420,0.004,0.742
87.90,95,1.33,0.421,0.004,0.728
87.93,95,1.33,0.422,0.004,0.725
87.96,95,1.33,0.422,0.004,0.724
88.01,95,1.33,0.421,0.004,0.723
88.04,95,1.33,0.422,0.005,0.730
88.07,95,1.33,0.421,0.006,0.736
88.11,95,1.33,0.420,0.006,0.737
88.14,95,1.33,0.420,0.006,0.737
88.17,95,1.33,0.418,0.006,0.733
88.20,95,1.33,0.418,0.006,0.735
88.24,95,1.33,0.415,0.006,0.744
88.28,95,1.33,0.415,0.006,0.744
88.31,95,1.33,0.414,0.004,0.745
88.35,97,0.67,0.413,0.003,0.755
88.38,97,0.67,0.413,0.003,0.763
88.41,97,0.67,0.409,0.002,0.769
88.43,97,0.67,0.410,0.002,0.775
88.46,97,0.67,0.414,0.003,0.781
88.49,97,0.67,0.416,0.004,0.802
88.54,97,0.67,0.415,0.005,0.817
88.57,97,0.67,0.418,0.005,0.834
88.60,97,0.67,0.421,0.005,0.847
88.64,97,0.67,0.425,0.005,0.858
88.69,97,0.67,0.425,0.004,0.865
88.72,97,0.67,0.426,0.004,0.873
88.74,97,0.67,0.429,0.004,0.884
88.77,97,0.67,0.429,0.004,0.890
88.81,97,0.67,0.431,0.004,0.894
88.84,97,0.67,0.430,0.003,0.896
88.87,97,0.67,0.430,0.003,0.900
88.90,97,0.67,0.431,0.003,0.900
88.93,97,0.67,0.431,0.003,0.898
88.97,97,0.67,0.430,0.002,0.898
89.00,97,0.67,0.430,0.003,0.902
89.03,97,0.67,0.429,0.003,0.903
89.07,97,0.67,0.427,0.003,0.904
89.11,97,0.67,0.428,0.003,0.903
89.14,97,0.67,0.429,0.003,0.904
89.17,97,0.67,0.429,0.003,0.906
89.20,97,0.67,0.429,0.003,0.906
89.23,97,0.67,0.429,0.003,0.907
89.26,97,0.67,0.430,0.003,0.907
89.29,97,0.67,0.430,0.003,0.907
89.34,97,0.67,0.431,0.003,0.908
89.37,97,0.67,0.429,0.002,0.901
89.40,97,0.67,0.430,0.003,0.903
89.43,97,0.67,0.430,0.003,0.907
89.47,97,0.67,0.429,0.002,0.905
89.50,97,0.67,0.429,0.002,0.905
89.53,97,0.67,0.428,0.002,0.906
89.57,97,0.67,0.429,0.002,0.908
89.60,97,0.67,0.429,0.003,0.899
89.63,97,0.67,0.429,0.003,0.895
89.67,97,0.67,0.430,0.003,0.896
89.70,97,0.67,0.430,0.003,0.895
89.73,97,0.67,0.431,0.003,0.892
89.77,97,0.67,0.430,0.003,0.888
89.80,97,0.67,0.430,0.003,0.890
89.83,97,0.67,0.430,0.003,0.891
89.87,97,0.67,0.430,0.003,0.892
89.90,97,0.67,0.430,0.003,0.893
89.93,97,0.67,0.430,0.003,0.894
89.96,97,0.67,0.430,0.003,0.893
90.01,97,0.67,0.431,0.003,0.889
90.04,97,0.67,0.430,0.004,0.892
90.07,97,0.67,0.430,0.003,0.897
90.10,97,0.67,0.430,0.003,0.898
90.13,97,0.67,0.427,0.003,0.898
90.16,97,0.67,0.428,0.003,0.898
90.20,97,0.67,0.428,0.004,0.897
90.23,97,0.67,0.428,0.004,0.892
90.27,97,0.67,0.428,0.004,0.889
90.31,97,0.67,0.429,0.004,0.887
90.34,97,0.67,0.428,0.004,0.886
90.37,97,0.67,0.430,0.004,0.892
90.40,97,0.67,0.429,0.004,0.889
90.43,97,0.67,0.431,0.004,0.888
90.46,97,0.67,0.432,0.004,0.887
90.51,97,0.67,0.432,0.004,0.888
90.54,97,0.67,0.431,0.004,0.888
90.57,97,0.67,0.430,0.003,0.886
90.60,97,0.67,0.430,0.003,0.887
90.63,97,0.67,0.430,0.003,0.893
90.66,97,0.67,0.430,0.003,0.896
90.69,97,0.67,0.430,0.003,0.896
90.74,97,0.67,0.430,0.003,0.897
90.77,97,0.67,0.430,0.003,0.897
90.80,97,0.67,0.431,0.004,0.895
90.84,97,0.67,0.430,0.003,0.893
90.87,97,0.67,0.431,0.003,0.893
90.89,97,0.67,0.431,0.003,0.893
90.93,97,0.67,0.430,0.003,0.893
90.96,97,0.67,0.430,0.003,0.887
91.01,97,0.67,0.428,0.004,0.885
91.04,97,0.67,0.427,0.004,0.885
91.07,97,0.67,0.426,0.003,0.883
91.10,97,0.67,0.426,0.003,0.880
91.13,97,0.67,0.426,0.003,0.867
91.16,95,1.33,0.421,0.002,0.867
91.21,93,2.00,0.421,0.002,0.861
91.24,93,2.00,0.422,0.002,0.856
91.27,93,2.00,0.423,0.003,0.846
91.30,93,2.00,0.422,0.003,0.848
91.34,91,2.67,0.423,0.003,0.848
91.37,91,2.67,0.426,0.002,0.848
91.40,91,2.67,0.427,0.003,0.855
91.43,91,2.67,0.426,0.003,0.857
91.48,91,2.67,0.425,0.004,0.855
91.51,91,2.67,0.425,0.004,0.849
91.54,91,2.67,0.424,0.004,0.852
91.57,91,2.67,0.423,0.004,0.860
91.60,91,2.67,0.423,0.003,0.870
91.63,91,2.67,0.424,0.004,0.873
91.67,91,2.67,0.424,0.004,0.874
91.71,90,2.67,0.425,0.006,0.870
91.74,90,2.67,0.423,0.007,0.864
91.77,90,2.67,0.423,0.007,0.860
91.80,90,2.67,0.423,0.007,0.860
91.83,90,2.67,0.421,0.007,0.860
91.86,90,2.67,0.420,0.007,0.861
91.89,90,2.67,0.420,0.007,0.861
91.94,90,2.67,0.419,0.006,0.863
91.97,90,2.67,0.419,0.006,0.859
92.00,91,2.67,0.419,0.005,0.857
92.03,91,2.67,0.420,0.005,0.859
92.07,91,2.67,0.421,0.005,0.856
92.10,91,2.67,0.421,0.004,0.859
92.13,91,2.67,0.416,0.003,0.855
92.16,91,2.67,0.420,0.003,0.864
92.20,91,2.67,0.421,0.003,0.868
92.24,91,2.67,0.419,0.004,0.869
92.27,91,2.67,0.418,0.003,0.866
92.30,91,2.67,0.418,0.003,0.873
92.33,91,2.67,0.418,0.003,0.867
92.36,91,2.67,0.418,0.003,0.869
92.41,91,2.67,0.418,0.003,0.870
92.44,91,2.67,0.418,0.003,0.872
92.47,91,2.67,0.417,0.003,0.873
92.50,91,2.67,0.417,0.003,0.872
92.53,91,2.67,0.417,0.003,0.871
92.57,91,2.67,0.418,0.003,0.871
92.60,91,2.67,0.417,0.002,0.865
92.63,91,2.67,0.415,0.001,0.858
92.66,91,2.67,0.415,0.001,0.863
92.71,91,2.67,0.417,0.002,0.851
92.74,91,2.67,0.421,0.003,0.853
92.77,91,2.67,0.421,0.004,0.852
92.80,91,2.67,0.424,0.004,0.852
92.83,91,2.67,0.425,0.004,0.850
92.86,91,2.67,0.426,0.004,0.852
92.90,91,2.67,0.426,0.004,0.851
92.94,91,2.67,0.427,0.004,0.851
92.97,91,2.67,0.427,0.004,0.851
93.00,91,2.67,0.426,0.004,0.855
93.04,91,2.67,0.426,0.004,0.859
93.07,91,2.67,0.425,0.003,0.867
93.10,91,2.67,0.424,0.003,0.862
93.13,91,2.67,0.424,0.003,0.866
93.17,91,2.67,0.424,0.003,0.868
93.21,91,2.67,0.424,0.003,0.868
93.24,91,2.67,0.425,0.003,0.867
93.27,91,2.67,0.424,0.004,0.869
93.30,91,2.67,0.426,0.003,0.871
93.33,91,2.67,0.424,0.003,0.868
93.36,91,2.67,0.424,0.003,0.869
93.40,91,2.67,0.425,0.003,0.869
93.44,91,2.67,0.425,0.003,0.874
93.47,91,2.67,0.425,0.003,0.875
93.50,91,2.67,0.425,0.003,0.877
93.54,91,2.67,0.425,0.003,0.880
93.57,91,2.67,0.426,0.003,0.879
93.60,91,2.67,0.423,0.002,0.875
93.63,88,3.33,0.423,0.002,0.865
93.66,86,4.00,0.423,0.002,0.858
93.71,86,4.00,0.423,0.002,0.853
93.74,86,4.00,0.424,0.002,0.852
93.77,86,4.00,0.424,0.002,0.855
93.80,86,4.00,0.426,0.002,0.861
93.83,86,4.00,0.426,0.003,0.865
93.86,86,4.00,0.426,0.003,0.866
93.91,86,4.00,0.426,0.003,0.870
93.94,86,4.00,0.425,0.003,0.871
93.97,86,4.00,0.425,0.003,0.869
94.00,86,4.00,0.425,0.003,0.868
94.03,86,4.00,0.425,0.003,0.866
94.06,86,4.00,0.426,0.003,0.863
94.09,86,4.00,0.430,0.003,0.858
94.14,86,4.00,0.435,0.003,0.858
94.17,86,4.00,0.439,0.003,0.859
94.20,86,4.00,0.436,0.003,0.869
94.24,86,4.00,0.439,0.003,0.877
94.27,86,4.00,0.437,0.003,0.880
94.30,86,4.00,0.438,0.002,0.885
94.33,86,4.00,0.437,0.003,0.884
94.36,86,4.00,0.436,0.002,0.889
94.40,86,4.00,0.434,0.002,0.887
94.44,86,4.00,0.434,0.002,0.884
94.47,86,4.00,0.434,0.003,0.891
94.50,86,4.00,0.433,0.003,0.886
94.53,86,4.00,0.434,0.003,0.873
94.56,86,4.00,0.434,0.003,0.872
94.60,86,4.00,0.436,0.003,0.868
94.64,86,4.00,0.440,0.004,0.869
94.67,86,4.00,0.439,0.005,0.865
94.71,86,4.00,0.439,0.005,0.867
94.74,86,4.00,0.439,0.004,0.867
94.77,86,4.00,0.438,0.005,0.866
94.80,86,4.00,0.436,0.005,0.866
94.83,86,4.00,0.434,0.006,0.859
94.87,86,4.00,0.434,0.006,0.860
94.91,86,4.00,0.434,0.005,0.862
94.93,86,4.00,0.435,0.005,0.863
94.96,86,4.00,0.434,0.005,0.861
94.99,86,4.00,0.436,0.004,0.862
95.03,86,4.00,0.436,0.004,0.860
95.06,86,4.00,0.436,0.004,0.859
95.09,86,4.00,0.437,0.004,0.858
95.13,86,4.00,0.435,0.004,0.856
95.16,86,4.00,0.434,0.004,0.854
95.19,86,4.00,0.434,0.004,0.848
95.23,86,4.00,0.434,0.004,0.847
95.26,86,4.00,0.435,0.003,0.846
95.29,86,4.00,0.432,0.004,0.842
95.33,86,4.00,0.433,0.004,0.845
95.36,86,4.00,0.431,0.004,0.845
95.39,86,4.00,0.429,0.003,0.845
95.43,86,4.00,0.428,0.003,0.851
95.46,86,4.00,0.427,0.003,0.848
95.49,86,4.00,0.429,0.004,0.847
95.53,86,4.00,0.431,0.003,0.843
95.56,86,4.00,0.431,0.004,0.846
95.59,86,4.00,0.429,0.003,0.842
95.63,86,4.00,0.425,0.004,0.839
95.67,86,4.00,0.426,0.004,0.837
95.70,86,4.00,0.422,0.004,0.820
95.74,86,4.00,0.422,0.005,0.808
95.77,86,4.00,0.424,0.006,0.800
95.80,86,4.00,0.423,0.006,0.788
95.83,86,4.00,0.424,0.006,0.788
95.87,86,4.00,0.424,0.006,0.782
95.90,86,4.00,0.424,0.005,0.773
95.94,86,4.00,0.425,0.006,0.769
95.97,86,4.00,0.427,0.006,0.771
96.00,86,4.00,0.427,0.005,0.773
96.03,86,4.00,0.428,0.005,0.773
96.06,86,4.00,0.428,0.005,0.774
96.11,86,4.00,0.428,0.005,0.774
96.14,86,4.00,0.428,0.007,0.785
96.17,88,3.33,0.429,0.008,0.791
96.20,90,2.67,0.430,0.007,0.797
96.23,90,2.67,0.432,0.006,0.800
96.26,91,2.67,0.436,0.005,0.807
96.30,93,2.00,0.434,0.005,0.806
96.34,95,1.33,0.434,0.005,0.806
96.38,95,1.33,0.435,0.005,0.805
96.41,95,1.33,0.435,0.005,0.807
96.44,95,1.33,0.434,0.005,0.807
96.47,95,1.33,0.434,0.004,0.808
96.50,95,1.33,0.435,0.004,0.808
96.53,95,1.33,0.436,0.004,0.811
96.56,95,1.33,0.436,0.004,0.813
96.60,95,1.33,0.437,0.004,0.812
96.64,95,1.33,0.440,0.004,0.815
96.67,95,1.33,0.443,0.004,0.816
96.70,95,1.33,0.442,0.005,0.819
96.73,95,1.33,0.440,0.004,0.820
96.76,95,1.33,0.439,0.004,0.821
96.81,95,1.33,0.439,0.004,0.824
96.87,95,1.33,0.438,0.004,0.828
96.89,95,1.33,0.439,0.004,0.830
96.91,95,1.33,0.439,0.004,0.829
96.94,95,1.33,0.439,0.004,0.829
96.96,95,1.33,0.438,0.004,0.831
97.00,95,1.33,0.439,0.003,0.834
97.03,95,1.33,0.439,0.003,0.835
97.07,95,1.33,0.438,0.003,0.834
97.11,95,1.33,0.437,0.003,0.832
97.14,95,1.33,0.438,0.003,0.832
97.17,95,1.33,0.437,0.004,0.834
97.20,95,1.33,0.440,0.003,0.831
97.23,95,1.33,0.441,0.004,0.826
97.26,95,1.33,0.442,0.005,0.824
97.30,95,1.33,0.442,0.004,0.825
97.34,95,1.33,0.445,0.004,0.823
97.37,95,1.33,0.445,0.004,0.821
97.40,95,1.33,0.445,0.005,0.818
97.44,95,1.33,0.445,0.005,0.820
97.46,95,1.33,0.442,0.006,0.820
97.50,95,1.33,0.439,0.006,0.823
97.53,95,1.33,0.437,0.005,0.823
97.57,95,1.33,0.437,0.005,0.826
97.61,95,1.33,0.434,0.005,0.823
97.64,95,1.33,0.434,0.005,0.823
97.67,95,1.33,0.434,0.006,0.813
97.70,95,1.33,0.434,0.005,0.821
97.73,95,1.33,0.434,0.004,0.825
97.76,95,1.33,0.435,0.005,0.826
97.79,95,1.33,0.436,0.005,0.828
97.84,95,1.33,0.436,0.005,0.829
97.87,95,1.33,0.434,0.004,0.832
97.90,95,1.33,0.433,0.004,0.833
97.94,95,1.33,0.433,0.004,0.837
97.97,95,1.33,0.433,0.003,0.835
98.00,95,1.33,0.433,0.003,0.835
98.03,95,1.33,0.432,0.003,0.834
98.06,95,1.33,0.433,0.003,0.834
98.11,95,1.33,0.433,0.003,0.836
98.14,95,1.33,0.434,0.003,0.839
98.17,95,1.33,0.434,0.003,0.836
98.20,95,1.33,0.435,0.004,0.837
98.23,95,1.33,0.435,0.004,0.833
98.26,95,1.33,0.435,0.004,0.828
98.31,95,1.33,0.435,0.004,0.826
98.34,95,1.33,0.436,0.004,0.828
98.37,95,1.33,0.435,0.004,0.830
98.40,95,1.33,0.433,0.004,0.832
98.43,95,1.33,0.432,0.005,0.837
98.47,95,1.33,0.431,0.005,0.843
98.50,95,1.33,0.430,0.004,0.852
98.53,95,1.33,0.432,0.003,0.856
98.57,95,1.33,0.434,0.003,0.854
98.61,95,1.33,0.434,0.003,0.861
98.64,97,0.67,0.432,0.003,0.865
98.67,99,0.00,0.432,0.002,0.866
98.70,99,0.00,0.432,0.002,0.863
98.73,99,0.00,0.433,0.002,0.864
98.76,99,0.00,0.433,0.002,0.862
98.81,99,0.00,0.434,0.002,0.862
98.84,99,0.00,0.434,0.002,0.856
98.87,99,0.00,0.435,0.002,0.850
98.90,99,0.00,0.434,0.002,0.846
98.93,99,0.00,0.433,0.002,0.845
98.96,99,0.00,0.432,0.002,0.855
98.99,99,0.00,0.434,0.002,0.857
99.04,99,0.00,0.432,0.002,0.855
99.07,99,0.00,0.435,0.003,0.858
99.11,99,0.00,0.436,0.003,0.862
99.14,99,0.00,0.436,0.003,0.866
99.17,99,0.00,0.435,0.002,0.869
99.20,99,0.00,0.436,0.003,0.872
99.23,99,0.00,0.439,0.003,0.878
99.27,99,0.00,0.437,0.003,0.880
99.31,99,0.00,0.437,0.003,0.879
99.34,99,0.00,0.436,0.003,0.878
99.37,99,0.00,0.439,0.003,0.877
99.40,99,0.00,0.441,0.003,0.876
99.43,99,0.00,0.441,0.004,0.877
99.46,99,0.00,0.440,0.003,0.882
99.51,99,0.00,0.439,0.003,0.876
99.54,99,0.00,0.441,0.004,0.874
99.57,99,0.00,0.441,0.004,0.868
99.60,99,0.00,0.442,0.004,0.861
99.63,99,0.00,0.441,0.005,0.857
99.66,99,0.00,0.441,0.005,0.854
99.70,99,0.00,0.441,0.005,0.852
99.74,99,0.00,0.440,0.004,0.852
99.77,99,0.00,0.440,0.005,0.853
99.80,99,0.00,0.439,0.004,0.857
99.84,99,0.00,0.440,0.004,0.858
99.87,99,0.00,0.440,0.004,0.861
99.90,99,0.00,0.440,0.004,0.863
99.93,99,0.00,0.439,0.004,0.863
99.98,99,0.00,0.438,0.004,0.864
100.01,99,0.00,0.437,0.003,0.870
100.04,99,0.00,0.437,0.003,0.871
100.07,99,0.00,0.435,0.003,0.871
100.10,99,0.00,0.436,0.003,0.874
100.13,99,0.00,0.436,0.003,0.873
100.16,99,0.00,0.434,0.003,0.873
100.20,99,0.00,0.435,0.003,0.869
100.24,99,0.00,0.435,0.004,0.869
100.27,99,0.00,0.438,0.004,0.868
100.30,99,0.00,0.437,0.004,0.872
100.33,99,0.00,0.440,0.005,0.873
100.37,99,0.00,0.440,0.004,0.877
100.40,99,0.00,0.441,0.004,0.881
100.43,99,0.00,0.440,0.004,0.886
100.47,99,0.00,0.439,0.004,0.886
100.51,99,0.00,0.440,0.004,0.888
100.54,99,0.00,0.440,0.004,0.886
100.57,99,0.00,0.442,0.004,0.887
100.60,99,0.00,0.441,0.003,0.887
100.63,99,0.00,0.443,0.004,0.882
100.68,99,0.00,0.443,0.004,0.878
100.71,99,0.00,0.441,0.004,0.877
100.74,99,0.00,0.441,0.004,0.877
100.77,99,0.00,0.441,0.004,0.876
100.80,99,0.00,0.441,0.003,0.872
100.83,99,0.00,0.440,0.004,0.880
100.86,99,0.00,0.439,0.004,0.883
100.90,99,0.00,0.438,0.003,0.886
100.94,99,0.00,0.436,0.003,0.887
100.97,99,0.00,0.431,0.003,0.887
101.00,99,0.00,0.433,0.003,0.890
101.04,99,0.00,0.432,0.003,0.880
101.06,99,0.00,0.433,0.003,0.875
101.10,99,0.00,0.434,0.003,0.874
101.13,99,0.00,0.434,0.004,0.872
101.17,99,0.00,0.434,0.003,0.873
101.21,99,0.00,0.434,0.004,0.873
101.24,99,0.00,0.434,0.004,0.874
101.27,99,0.00,0.434,0.004,0.878
101.30,99,0.00,0.435,0.003,0.886
101.33,99,0.00,0.435,0.003,0.883
101.36,99,0.00,0.436,0.003,0.880
101.39,99,0.00,0.435,0.002,0.882
101.45,99,0.00,0.435,0.002,0.887
101.47,99,0.00,0.435,0.002,0.881
101.51,99,0.00,0.433,0.002,0.884
101.54,99,0.00,0.422,0.003,0.820
101.57,99,0.00,0.415,0.003,0.812
101.60,99,0.00,0.413,0.003,0.822
101.63,99,0.00,0.414,0.003,0.820
101.67,99,0.00,0.414,0.003,0.818
101.71,99,0.00,0.413,0.003,0.819
101.74,99,0.00,0.411,0.003,0.818
101.77,99,0.00,0.410,0.002,0.821
101.80,99,0.00,0.409,0.002,0.821
101.83,99,0.00,0.410,0.002,0.821
101.86,99,0.00,0.411,0.002,0.821
101.89,99,0.00,0.412,0.003,0.820
101.93,99,0.00,0.413,0.002,0.818
101.97,99,0.00,0.414,0.002,0.818
102.00,99,0.00,0.413,0.002,0.813
102.04,99,0.00,0.414,0.002,0.815
102.07,99,0.00,0.415,0.002,0.816
102.10,99,0.00,0.415,0.003,0.816
102.13,99,0.00,0.415,0.003,0.817
102.17,99,0.00,0.415,0.003,0.817
102.21,99,0.00,0.413,0.003,0.819
102.24,97,0.67,0.409,0.002,0.821
102.27,97,0.67,0.408,0.002,0.821
102.30,97,0.67,0.406,0.002,0.826
102.33,95,1.33,0.405,0.002,0.825
102.36,93,2.00,0.407,0.002,0.824
102.40,91,2.67,0.408,0.002,0.826
102.44,91,2.67,0.408,0.002,0.827
102.47,91,2.67,0.406,0.003,0.820
102.50,91,2.67,0.407,0.003,0.818
102.53,91,2.67,0.406,0.002,0.820
102.56,91,2.67,0.406,0.002,0.821
102.60,91,2.67,0.405,0.002,0.820
102.63,91,2.67,0.405,0.002,0.825
102.67,91,2.67,0.405,0.002,0.821
102.70,91,2.67,0.405,0.002,0.819
102.74,91,2.67,0.405,0.002,0.822
102.77,91,2.67,0.405,0.002,0.822
102.80,91,2.67,0.406,0.002,0.822
102.83,91,2.67,0.407,0.002,0.822
102.86,91,2.67,0.407,0.002,0.823
102.91,91,2.67,0.407,0.002,0.825
102.94,91,2.67,0.408,0.001,0.826
102.97,91,2.67,0.409,0.001,0.827
103.00,91,2.67,0.410,0.001,0.828
103.18,91,2.67,0.408,0.001,0.830
103.22,91,2.67,0.405,0.001,0.823
103.26,91,2.67,0.405,0.002,0.819
103.30,91,2.67,0.406,0.003,0.817
103.34,91,2.67,0.408,0.003,0.816
103.37,91,2.67,0.404,0.002,0.818
103.41,91,2.67,0.405,0.003,0.819
103.45,91,2.67,0.405,0.003,0.819
103.47,91,2.67,0.405,0.003,0.819
103.51,91,2.67,0.406,0.003,0.821
103.53,91,2.67,0.403,0.002,0.819
103.55,91,2.67,0.405,0.002,0.819
103.57,91,2.67,0.406,0.002,0.823
103.60,91,2.67,0.408,0.002,0.820
103.64,91,2.67,0.410,0.002,0.823
103.67,91,2.67,0.412,0.002,0.830
103.70,91,2.67,0.412,0.002,0.828
103.73,91,2.67,0.412,0.002,0.827
103.77,91,2.67,0.413,0.002,0.826
103.80,91,2.67,0.414,0.002,0.823
103.83,91,2.67,0.415,0.002,0.822
103.87,91,2.67,0.417,0.002,0.820
103.91,91,2.67,0.420,0.003,0.821
103.94,91,2.67,0.421,0.004,0.820
103.97,91,2.67,0.425,0.005,0.822
104.00,91,2.67,0.426,0.005,0.833
104.03,90,2.67,0.426,0.006,0.830
104.06,90,2.67,0.428,0.006,0.824
104.10,90,2.67,0.427,0.006,0.820
104.14,90,2.67,0.426,0.006,0.819
104.17,90,2.67,0.426,0.007,0.818
104.21,90,2.67,0.431,0.010,0.818
104.24,90,2.67,0.431,0.011,0.816
104.27,90,2.67,0.432,0.010,0.810
104.30,90,2.67,0.435,0.009,0.807
104.33,90,2.67,0.434,0.009,0.802
104.36,90,2.67,0.434,0.010,0.803
104.41,90,2.67,0.434,0.010,0.805
104.44,90,2.67,0.434,0.010,0.805
104.47,90,2.67,0.433,0.009,0.809
104.50,90,2.67,0.431,0.007,0.813
104.53,90,2.67,0.430,0.007,0.814
104.56,90,2.67,0.430,0.008,0.817
104.60,90,2.67,0.429,0.006,0.818
104.63,90,2.67,0.426,0.006,0.817
104.68,90,2.67,0.426,0.006,0.817
104.71,91,2.67,0.427,0.005,0.817
104.74,91,2.67,0.427,0.005,0.817
104.77,91,2.67,0.427,0.005,0.818
104.80,91,2.67,0.427,0.005,0.818
104.83,91,2.67,0.426,0.004,0.819
104.86,91,2.67,0.426,0.003,0.823
104.91,91,2.67,0.428,0.004,0.828
104.94,91,2.67,0.427,0.003,0.826
104.97,91,2.67,0.427,0.004,0.824
105.00,91,2.67,0.427,0.004,0.824
105.03,91,2.67,0.426,0.004,0.824
105.06,91,2.67,0.425,0.004,0.819
105.09,91,2.67,0.424,0.005,0.822
105.13,91,2.67,0.423,0.004,0.822
105.17,91,2.67,0.424,0.004,0.822
105.20,91,2.67,0.425,0.005,0.818
105.24,91,2.67,0.424,0.005,0.813
105.27,91,2.67,0.423,0.005,0.812
105.30,91,2.67,0.424,0.005,0.812
105.33,91,2.67,0.424,0.005,0.812
105.36,91,2.67,0.424,0.004,0.812
105.40,91,2.67,0.424,0.004,0.812
105.44,91,2.67,0.425,0.004,0.812
105.47,91,2.67,0.426,0.003,0.809
105.50,91,2.67,0.429,0.003,0.803
105.53,91,2.67,0.427,0.003,0.796
105.56,91,2.67,0.426,0.003,0.783
105.61,91,2.67,0.423,0.002,0.759
105.64,91,2.67,0.422,0.002,0.744
105.67,91,2.67,0.422,0.003,0.727
105.70,91,2.67,0.419,0.003,0.694
105.73,91,2.67,0.420,0.004,0.685
105.76,91,2.67,0.419,0.005,0.673
105.79,91,2.67,0.419,0.005,0.672
105.84,91,2.67,0.418,0.005,0.665
105.87,91,2.67,0.418,0.005,0.657
105.90,91,2.67,0.419,0.005,0.661
105.94,91,2.67,0.419,0.005,0.660
105.97,91,2.67,0.419,0.005,0.662
106.00,91,2.67,0.419,0.005,0.665
106.03,91,2.67,0.419,0.005,0.668
106.07,91,2.67,0.419,0.005,0.670
106.11,91,2.67,0.419,0.004,0.671
106.14,91,2.67,0.419,0.004,0.671
106.17,91,2.67,0.419,0.004,0.670
106.22,91,2.67,0.418,0.004,0.670
106.23,91,2.67,0.420,0.004,0.669
106.26,91,2.67,0.420,0.004,0.670
106.31,91,2.67,0.422,0.004,0.670
106.34,91,2.67,0.423,0.003,0.679
106.37,91,2.67,0.422,0.003,0.692
106.40,91,2.67,0.423,0.003,0.704
106.43,91,2.67,0.423,0.003,0.713
106.46,91,2.67,0.425,0.003,0.728
106.49,91,2.67,0.424,0.003,0.741
106.54,91,2.67,0.423,0.003,0.760
106.57,91,2.67,0.422,0.003,0.780
106.60,91,2.67,0.421,0.003,0.797
106.64,91,2.67,0.420,0.002,0.807
106.67,91,2.67,0.420,0.003,0.811
106.70,91,2.67,0.420,0.002,0.816
106.73,91,2.67,0.421,0.003,0.824
106.76,91,2.67,0.422,0.003,0.835
106.81,91,2.67,0.423,0.003,0.840
106.84,91,2.67,0.424,0.003,0.840
106.87,91,2.67,0.425,0.003,0.848
106.90,91,2.67,0.425,0.003,0.860
106.93,91,2.67,0.424,0.002,0.867
106.97,91,2.67,0.424,0.002,0.878
107.00,91,2.67,0.424,0.002,0.884
107.04,91,2.67,0.422,0.002,0.890
107.07,91,2.67,0.422,0.002,0.901
107.10,91,2.67,0.421,0.002,0.907
107.13,91,2.67,0.421,0.002,0.912
107.17,91,2.67,0.422,0.002,0.918
107.20,91,2.67,0.421,0.002,0.921
107.23,91,2.67,0.422,0.002,0.918
107.26,91,2.67,0.421,0.002,0.913
107.30,91,2.67,0.421,0.002,0.911
107.34,91,2.67,0.421,0.003,0.913
107.37,93,2.00,0.421,0.004,0.911
107.40,93,2.00,0.422,0.003,0.909
107.44,93,2.00,0.423,0.003,0.908
107.47,95,1.33,0.422,0.002,0.897
107.50,97,0.67,0.423,0.002,0.893
107.53,99,0.00,0.423,0.002,0.889
107.56,99,0.00,0.423,0.002,0.888
107.61,99,0.00,0.423,0.002,0.888
107.64,99,0.00,0.423,0.002,0.891
107.67,99,0.00,0.422,0.002,0.891
107.70,99,0.00,0.423,0.002,0.890
107.74,99,0.00,0.424,0.003,0.894
107.77,99,0.00,0.427,0.003,0.898
107.80,99,0.00,0.424,0.004,0.896
107.83,99,0.00,0.423,0.004,0.895
107.87,99,0.00,0.423,0.004,0.893
107.91,99,0.00,0.423,0.004,0.894
107.94,99,0.00,0.423,0.004,0.894
107.97,99,0.00,0.425,0.004,0.893
108.00,99,0.00,0.426,0.004,0.895
108.03,99,0.00,0.429,0.004,0.894
108.06,99,0.00,0.429,0.005,0.894
108.09,99,0.00,0.430,0.005,0.892
108.14,99,0.00,0.428,0.005,0.890
108.17,99,0.00,0.428,0.005,0.889
108.20,99,0.00,0.424,0.005,0.891
108.23,99,0.00,0.421,0.004,0.892
108.27,99,0.00,0.425,0.004,0.898
108.30,99,0.00,0.424,0.004,0.899
108.33,99,0.00,0.423,0.004,0.898
108.36,99,0.00,0.422,0.005,0.894
108.41,99,0.00,0.423,0.005,0.892
108.44,99,0.00,0.424,0.005,0.889
108.47,99,0.00,0.424,0.005,0.886
108.50,99,0.00,0.427,0.005,0.887
108.53,99,0.00,0.431,0.004,0.892
108.56,99,0.00,0.431,0.005,0.885
108.61,99,0.00,0.432,0.004,0.882
108.64,99,0.00,0.432,0.005,0.876
108.67,99,0.00,0.431,0.006,0.861
108.70,99,0.00,0.430,0.006,0.861
108.73,99,0.00,0.429,0.006,0.862
108.76,99,0.00,0.428,0.006,0.863
108.81,99,0.00,0.428,0.006,0.865
108.84,99,0.00,0.428,0.006,0.866
108.87,99,0.00,0.429,0.006,0.865
108.90,99,0.00,0.427,0.006,0.865
108.93,99,0.00,0.426,0.006,0.865
108.96,99,0.00,0.425,0.006,0.863
109.00,99,0.00,0.424,0.005,0.859
109.03,99,0.00,0.423,0.005,0.859
109.07,99,0.00,0.422,0.005,0.857
109.11,99,0.00,0.421,0.005,0.857
109.14,99,0.00,0.420,0.005,0.857
109.17,99,0.00,0.421,0.006,0.857
109.20,99,0.00,0.421,0.006,0.856
109.23,99,0.00,0.420,0.006,0.855
109.27,99,0.00,0.419,0.005,0.852
109.31,99,0.00,0.416,0.004,0.840
109.34,99,0.00,0.414,0.003,0.841
109.37,99,0.00,0.412,0.003,0.839
109.40,99,0.00,0.414,0.004,0.831
109.43,99,0.00,0.414,0.004,0.830
109.46,99,0.00,0.415,0.004,0.831
109.49,99,0.00,0.414,0.004,0.829
109.54,99,0.00,0.410,0.003,0.827
109.57,99,0.00,0.406,0.002,0.828
109.60,99,0.00,0.409,0.003,0.829
109.64,99,0.00,0.412,0.003,0.830
109.67,99,0.00,0.413,0.003,0.830
109.70,99,0.00,0.413,0.002,0.834
109.73,99,0.00,0.416,0.003,0.838
109.76,99,0.00,0.414,0.002,0.837
109.80,99,0.00,0.414,0.003,0.840
109.84,99,0.00,0.414,0.003,0.842
109.87,99,0.00,0.414,0.003,0.842
109.90,99,0.00,0.416,0.003,0.843
109.93,99,0.00,0.415,0.004,0.842
109.96,99,0.00,0.414,0.004,0.840
110.00,99,0.00,0.413,0.004,0.839
110.04,99,0.00,0.413,0.003,0.837
110.07,99,0.00,0.411,0.003,0.835
110.10,99,0.00,0.410,0.002,0.835
110.13,99,0.00,0.411,0.002,0.835
110.16,99,0.00,0.411,0.002,0.835
110.20,99,0.00,0.412,0.002,0.835
110.24,99,0.00,0.412,0.002,0.833
110.28,99,0.00,0.411,0.002,0.830
110.30,99,0.00,0.411,0.002,0.828
110.33,99,0.00,0.412,0.002,0.827
110.37,99,0.00,0.413,0.002,0.823
110.40,99,0.00,0.415,0.002,0.821
110.43,99,0.00,0.415,0.002,0.819
110.46,99,0.00,0.416,0.002,0.820
110.51,99,0.00,0.416,0.002,0.818
110.54,99,0.00,0.415,0.002,0.818
110.57,99,0.00,0.415,0.002,0.814
110.60,99,0.00,0.416,0.002,0.800
110.63,99,0.00,0.416,0.001,0.790
110.67,99,0.00,0.414,0.001,0.771
110.70,99,0.00,0.407,0.002,0.730
110.73,99,0.00,0.406,0.002,0.724
110.77,99,0.00,0.404,0.002,0.707
110.81,99,0.00,0.404,0.003,0.694
110.84,99,0.00,0.402,0.004,0.693
110.87,99,0.00,0.400,0.003,0.690
110.90,99,0.00,0.397,0.003,0.687
110.93,99,0.00,0.400,0.003,0.680
110.96,99,0.00,0.400,0.003,0.671
111.01,99,0.00,0.400,0.003,0.675
111.04,99,0.00,0.402,0.004,0.677
111.07,99,0.00,0.400,0.004,0.679
111.10,99,0.00,0.402,0.004,0.680
111.13,99,0.00,0.402,0.003,0.679
111.17,99,0.00,0.402,0.003,0.675
111.20,99,0.00,0.402,0.003,0.677
111.23,99,0.00,0.400,0.003,0.680
111.27,99,0.00,0.401,0.003,0.688
111.31,99,0.00,0.402,0.003,0.693
111.34,99,0.00,0.403,0.003,0.695
111.37,99,0.00,0.403,0.003,0.697
111.40,99,0.00,0.401,0.002,0.700
111.43,99,0.00,0.396,0.002,0.711
111.46,99,0.00,0.395,0.002,0.727
111.51,97,0.67,0.395,0.002,0.736
111.54,97,0.67,0.395,0.002,0.759
111.57,95,1.33,0.397,0.002,0.781
111.60,95,1.33,0.405,0.003,0.791
111.63,95,1.33,0.409,0.003,0.812
111.66,95,1.33,0.410,0.002,0.823
111.70,93,2.00,0.417,0.002,0.833
111.74,93,2.00,0.418,0.002,0.837
111.77,93,2.00,0.423,0.002,0.842
111.80,93,2.00,0.423,0.002,0.853
111.83,93,2.00,0.423,0.002,0.863
111.87,93,2.00,0.425,0.002,0.874
111.90,93,2.00,0.425,0.002,0.886
111.93,93,2.00,0.426,0.001,0.891
111.97,93,2.00,0.424,0.001,0.898
112.01,93,2.00,0.425,0.001,0.905
112.03,93,2.00,0.426,0.002,0.905
112.07,93,2.00,0.427,0.001,0.905
112.10,93,2.00,0.426,0.001,0.904
112.13,93,2.00,0.425,0.001,0.906
112.17,93,2.00,0.425,0.001,0.906
112.21,93,2.00,0.425,0.001,0.908
112.24,93,2.00,0.426,0.001,0.907
112.27,93,2.00,0.427,0.001,0.907
112.30,93,2.00,0.426,0.001,0.909
112.33,93,2.00,0.426,0.002,0.902
112.36,93,2.00,0.427,0.002,0.900
112.41,93,2.00,0.427,0.001,0.900
112.44,91,2.67,0.427,0.002,0.900
112.47,91,2.67,0.428,0.002,0.901
112.51,91,2.67,0.428,0.002,0.905
112.54,91,2.67,0.428,0.002,0.910
112.57,91,2.67,0.427,0.002,0.910
112.60,91,2.67,0.426,0.002,0.908
112.63,91,2.67,0.428,0.002,0.908
112.66,91,2.67,0.427,0.002,0.908
112.71,91,2.67,0.427,0.002,0.908
112.74,91,2.67,0.428,0.002,0.905
112.77,91,2.67,0.428,0.002,0.902
112.80,91,2.67,0.428,0.002,0.899
112.83,91,2.67,0.428,0.003,0.894
112.86,91,2.67,0.427,0.003,0.891
112.90,91,2.67,0.427,0.003,0.892
112.94,91,2.67,0.427,0.003,0.892
112.97,91,2.67,0.426,0.003,0.891
113.01,91,2.67,0.427,0.003,0.893
113.04,91,2.67,0.425,0.002,0.889
113.07,91,2.67,0.423,0.002,0.888
113.10,91,2.67,0.423,0.003,0.890
113.13,91,2.67,0.423,0.003,0.886
113.16,91,2.67,0.424,0.003,0.888
113.20,91,2.67,0.425,0.003,0.890
113.24,91,2.67,0.423,0.003,0.888
113.27,91,2.67,0.421,0.003,0.882
113.31,91,2.67,0.421,0.003,0.883
113.33,91,2.67,0.423,0.003,0.883
113.37,91,2.67,0.423,0.003,0.886
113.40,91,2.67,0.422,0.003,0.883
113.43,91,2.67,0.423,0.003,0.888
113.46,91,2.67,0.423,0.002,0.886
113.51,91,2.67,0.419,0.002,0.875
113.54,91,2.67,0.420,0.002,0.866
113.57,91,2.67,0.420,0.002,0.862
113.60,91,2.67,0.420,0.002,0.861
113.63,88,3.33,0.418,0.002,0.859
113.67,88,3.33,0.421,0.002,0.861
113.70,88,3.33,0.421,0.002,0.861
113.73,88,3.33,0.420,0.002,0.861
113.77,88,3.33,0.421,0.002,0.861
113.81,88,3.33,0.420,0.002,0.864
113.84,88,3.33,0.420,0.002,0.875
113.87,88,3.33,0.419,0.003,0.877
113.90,88,3.33,0.419,0.003,0.882
113.93,88,3.33,0.422,0.004,0.869
113.96,88,3.33,0.419,0.004,0.870
114.00,88,3.33,0.420,0.004,0.873
114.04,88,3.33,0.420,0.004,0.870
114.07,88,3.33,0.421,0.003,0.868
114.10,88,3.33,0.420,0.003,0.865
114.13,88,3.33,0.421,0.003,0.865
114.17,88,3.33,0.424,0.003,0.865
114.20,88,3.33,0.426,0.004,0.865
114.23,88,3.33,0.429,0.004,0.864
114.26,88,3.33,0.428,0.003,0.860
114.30,88,3.33,0.430,0.003,0.868
114.34,88,3.33,0.430,0.003,0.873
114.37,88,3.33,0.431,0.003,0.874
114.40,88,3.33,0.428,0.003,0.876
114.44,88,3.33,0.430,0.003,0.879
114.47,88,3.33,0.430,0.003,0.881
114.50,88,3.33,0.429,0.005,0.879
114.53,88,3.33,0.422,0.005,0.879
114.57,88,3.33,0.422,0.004,0.880
114.61,88,3.33,0.422,0.004,0.876
114.64,88,3.33,0.424,0.004,0.858
114.67,88,3.33,0.424,0.004,0.850
114.70,88,3.33,0.424,0.004,0.843
114.73,88,3.33,0.424,0.004,0.841
114.76,88,3.33,0.428,0.004,0.828
114.80,88,3.33,0.430,0.005,0.827
114.84,88,3.33,0.430,0.005,0.830
114.87,88,3.33,0.430,0.005,0.825
114.91,88,3.33,0.431,0.006,0.828
114.94,88,3.33,0.429,0.007,0.824
114.97,88,3.33,0.429,0.006,0.833
115.00,88,3.33,0.428,0.005,0.842
115.03,88,3.33,0.427,0.005,0.841
115.06,88,3.33,0.427,0.005,0.846
115.09,88,3.33,0.427,0.005,0.847
115.14,88,3.33,0.424,0.004,0.846
115.17,88,3.33,0.425,0.004,0.846
115.20,88,3.33,0.426,0.004,0.837
115.23,88,3.33,0.427,0.004,0.842
115.26,88,3.33,0.427,0.004,0.836
115.30,88,3.33,0.430,0.004,0.839
115.33,88,3.33,0.429,0.003,0.847
115.36,88,3.33,0.428,0.003,0.843
115.40,88,3.33,0.428,0.003,0.849
115.46,88,3.33,0.426,0.003,0.847
115.48,88,3.33,0.428,0.003,0.842
115.50,88,3.33,0.427,0.003,0.838
115.53,88,3.33,0.426,0.004,0.842
115.56,88,3.33,0.427,0.004,0.846
115.60,88,3.33,0.427,0.004,0.851
115.63,88,3.33,0.428,0.003,0.859
115.67,88,3.33,0.428,0.003,0.861
115.70,88,3.33,0.428,0.003,0.863
115.74,88,3.33,0.429,0.003,0.861
115.77,88,3.33,0.429,0.003,0.859
115.80,88,3.33,0.429,0.003,0.859
115.83,88,3.33,0.429,0.003,0.861
115.86,88,3.33,0.429,0.003,0.861
115.89,88,3.33,0.429,0.002,0.862
115.94,88,3.33,0.428,0.003,0.867
115.97,88,3.33,0.424,0.003,0.865
116.00,88,3.33,0.425,0.003,0.863
116.03,88,3.33,0.425,0.004,0.856
116.07,88,3.33,0.425,0.004,0.846
116.10,88,3.33,0.429,0.005,0.844
116.13,88,3.33,0.430,0.004,0.843
116.18,88,3.33,0.431,0.004,0.844
116.20,88,3.33,0.432,0.004,0.844
116.24,88,3.33,0.433,0.004,0.845
116.27,88,3.33,0.432,0.003,0.846
116.30,88,3.33,0.432,0.004,0.852
116.33,88,3.33,0.434,0.003,0.865
116.36,88,3.33,0.433,0.003,0.870
116.41,88,3.33,0.429,0.003,0.876
116.44,88,3.33,0.429,0.003,0.880
116.47,88,3.33,0.429,0.003,0.879
116.50,91,2.67,0.430,0.003,0.878
116.53,91,2.67,0.432,0.002,0.881
116.60,93,2.00,0.432,0.002,0.891
116.63,93,2.00,0.434,0.001,0.885
116.65,91,2.67,0.432,0.001,0.883
116.67,91,2.67,0.431,0.001,0.882
116.70,93,2.00,0.430,0.001,0.883
116.74,93,2.00,0.428,0.001,0.887
116.76,93,2.00,0.429,0.002,0.886
116.80,93,2.00,0.430,0.003,0.888
116.83,93,2.00,0.433,0.003,0.886
116.87,93,2.00,0.436,0.004,0.882
116.90,93,2.00,0.436,0.004,0.878
116.94,93,2.00,0.437,0.004,0.878
116.97,93,2.00,0.438,0.004,0.879
117.00,93,2.00,0.439,0.004,0.880
117.03,93,2.00,0.438,0.003,0.879
117.07,93,2.00,0.436,0.003,0.880
117.11,93,2.00,0.432,0.003,0.876
117.14,93,2.00,0.428,0.003,0.881
117.17,93,2.00,0.427,0.004,0.884
117.20,93,2.00,0.427,0.004,0.885
117.23,93,2.00,0.429,0.004,0.880
117.26,93,2.00,0.429,0.003,0.880
117.31,93,2.00,0.428,0.003,0.881
117.34,93,2.00,0.429,0.004,0.879
117.37,93,2.00,0.429,0.004,0.870
117.40,93,2.00,0.430,0.003,0.872
117.43,95,1.33,0.430,0.003,0.870
117.47,95,1.33,0.429,0.003,0.873
117.50,95,1.33,0.431,0.003,0.880
117.53,95,1.33,0.429,0.002,0.879
117.57,95,1.33,0.425,0.002,0.878
117.60,95,1.33,0.425,0.001,0.883
117.64,95,1.33,0.424,0.002,0.891
117.67,95,1.33,0.427,0.002,0.887
117.70,95,1.33,0.428,0.002,0.885
117.73,95,1.33,0.426,0.002,0.885
117.77,95,1.33,0.428,0.002,0.884
117.81,95,1.33,0.431,0.002,0.878
117.84,95,1.33,0.432,0.002,0.878
117.87,95,1.33,0.433,0.002,0.867
117.90,95,1.33,0.434,0.003,0.867
117.93,95,1.33,0.429,0.001,0.864
117.97,95,1.33,0.430,0.002,0.862
118.00,95,1.33,0.430,0.002,0.863
118.04,95,1.33,0.434,0.002,0.859
118.08,95,1.33,0.428,0.002,0.852
118.13,95,1.33,0.428,0.002,0.838
118.19,95,1.33,0.424,0.003,0.810
118.23,95,1.33,0.423,0.003,0.796
118.26,95,1.33,0.420,0.004,0.747
118.28,95,1.33,0.420,0.004,0.741
118.31,95,1.33,0.421,0.004,0.728
118.34,95,1.33,0.422,0.004,0.725
118.38,95,1.33,0.422,0.005,0.723
118.40,95,1.33,0.421,0.004,0.723
118.44,95,1.33,0.422,0.005,0.729
118.47,95,1.33,0.421,0.006,0.736
118.51,95,1.33,0.420,0.006,0.738
118.53,95,1.33,0.420,0.006,0.738
118.56,95,1.33,0.418,0.006,0.733
118.61,95,1.33,0.417,0.006,0.734
118.64,95,1.33,0.414,0.006,0.744
118.67,97,0.67,0.416,0.005,0.744
118.70,97,0.67,0.416,0.005,0.745
118.73,97,0.67,0.416,0.004,0.754
118.76,97,0.67,0.417,0.004,0.762
118.80,97,0.67,0.413,0.003,0.769
118.84,97,0.67,0.412,0.002,0.776
118.87,97,0.67,0.415,0.004,0.784
118.91,97,0.67,0.416,0.004,0.803
118.94,97,0.67,0.416,0.005,0.818
118.97,97,0.67,0.417,0.005,0.833
119.00,97,0.67,0.420,0.005,0.846
119.03,97,0.67,0.425,0.005,0.858
119.06,97,0.67,0.425,0.004,0.865
119.11,97,0.67,0.426,0.004,0.873
119.14,97,0.67,0.430,0.004,0.886
119.17,97,0.67,0.429,0.004,0.890
119.20,97,0.67,0.431,0.003,0.894
119.23,97,0.67,0.431,0.003,0.897
119.26,97,0.67,0.431,0.003,0.901
119.31,97,0.67,0.431,0.003,0.900
119.34,97,0.67,0.431,0.003,0.898
119.37,97,0.67,0.430,0.002,0.898
119.40,97,0.67,0.430,0.003,0.902
119.43,97,0.67,0.429,0.003,0.902
119.46,97,0.67,0.428,0.003,0.904
119.50,97,0.67,0.428,0.003,0.903
119.54,97,0.67,0.428,0.003,0.904
119.57,97,0.67,0.429,0.003,0.906
119.60,97,0.67,0.429,0.003,0.907
119.64,97,0.67,0.430,0.003,0.908
119.70,97,0.67,0.430,0.003,0.907
119.72,97,0.67,0.430,0.003,0.907
119.74,97,0.67,0.430,0.003,0.908
119.77,97,0.67,0.430,0.003,0.903
119.80,97,0.67,0.430,0.003,0.903
119.84,97,0.67,0.430,0.003,0.907
119.87,97,0.67,0.429,0.002,0.904
119.90,97,0.67,0.429,0.002,0.904
119.93,97,0.67,0.428,0.002,0.905
119.96,97,0.67,0.429,0.002,0.906
120.01,97,0.67,0.429,0.002,0.899
120.04,97,0.67,0.429,0.003,0.895
120.07,97,0.67,0.429,0.003,0.896
120.10,97,0.67,0.430,0.002,0.895
120.13,97,0.67,0.431,0.003,0.892
120.16,97,0.67,0.429,0.003,0.888
120.20,97,0.67,0.430,0.003,0.889
120.24,97,0.67,0.429,0.003,0.891
120.27,97,0.67,0.430,0.003,0.892
120.30,97,0.67,0.430,0.003,0.893
120.33,97,0.67,0.430,0.003,0.893
120.37,97,0.67,0.430,0.003,0.892
120.40,97,0.67,0.431,0.003,0.888
120.43,97,0.67,0.430,0.003,0.891
120.47,97,0.67,0.430,0.003,0.895
120.51,97,0.67,0.430,0.003,0.898
120.54,97,0.67,0.427,0.003,0.898
120.57,97,0.67,0.428,0.003,0.898
120.60,97,0.67,0.428,0.004,0.897
120.63,97,0.67,0.428,0.004,0.892
120.66,97,0.67,0.428,0.004,0.889
120.71,97,0.67,0.428,0.004,0.888
120.74,97,0.67,0.428,0.004,0.887
120.77,97,0.67,0.429,0.004,0.892
120.80,97,0.67,0.429,0.004,0.889
120.84,97,0.67,0.430,0.004,0.888
120.87,97,0.67,0.431,0.004,0.887
120.90,97,0.67,0.431,0.004,0.887
120.93,97,0.67,0.431,0.004,0.887
120.96,97,0.67,0.430,0.003,0.885
121.00,97,0.67,0.430,0.003,0.887
121.04,97,0.67,0.430,0.003,0.893
121.07,97,0.67,0.430,0.003,0.895
121.10,97,0.67,0.430,0.003,0.896
121.13,97,0.67,0.430,0.003,0.896
121.16,97,0.67,0.430,0.003,0.897
121.21,97,0.67,0.431,0.003,0.896
121.24,97,0.67,0.430,0.003,0.893
121.27,97,0.67,0.431,0.003,0.894
121.30,97,0.67,0.431,0.003,0.894
121.33,97,0.67,0.430,0.003,0.893
121.36,97,0.67,0.430,0.004,0.888
121.40,97,0.67,0.428,0.004,0.885
121.43,97,0.67,0.427,0.004,0.885
121.47,97,0.67,0.426,0.003,0.882
121.50,97,0.67,0.427,0.003,0.879
121.53,95,1.33,0.426,0.003,0.868
121.57,93,2.00,0.421,0.002,0.867
121.60,91,2.67,0.421,0.002,0.861
121.63,91,2.67,0.423,0.002,0.856
121.66,93,2.00,0.424,0.003,0.846
121.71,91,2.67,0.422,0.003,0.847
121.74,88,3.33,0.423,0.003,0.847
121.77,88,3.33,0.425,0.002,0.848
121.80,88,3.33,0.427,0.003,0.855
121.83,88,3.33,0.426,0.003,0.857
121.86,88,3.33,0.425,0.004,0.856
121.91,88,3.33,0.425,0.004,0.849
121.94,88,3.33,0.424,0.004,0.853
121.97,88,3.33,0.423,0.003,0.859
122.00,88,3.33,0.423,0.003,0.871
122.03,88,3.33,0.424,0.004,0.873
122.06,88,3.33,0.424,0.004,0.875
122.10,88,3.33,0.425,0.006,0.870
122.14,88,3.33,0.423,0.006,0.865
122.17,88,3.33,0.423,0.007,0.860
122.20,88,3.33,0.423,0.007,0.861
122.23,88,3.33,0.421,0.007,0.861
122.27,88,3.33,0.420,0.007,0.860
122.30,88,3.33,0.420,0.007,0.861
122.33,88,3.33,0.419,0.006,0.860
122.36,88,3.33,0.419,0.006,0.860
122.41,88,3.33,0.419,0.005,0.859
122.44,88,3.33,0.420,0.005,0.861
122.47,88,3.33,0.421,0.005,0.856
122.50,88,3.33,0.422,0.004,0.859
122.53,88,3.33,0.416,0.003,0.856
122.57,88,3.33,0.420,0.003,0.864
122.60,88,3.33,0.420,0.004,0.866
122.63,88,3.33,0.419,0.003,0.868
122.67,88,3.33,0.418,0.003,0.867
122.71,88,3.33,0.418,0.003,0.874
122.74,88,3.33,0.418,0.003,0.866
122.77,88,3.33,0.418,0.003,0.869
122.80,88,3.33,0.418,0.003,0.869
122.83,88,3.33,0.418,0.003,0.871
122.86,88,3.33,0.417,0.003,0.872
122.89,88,3.33,0.417,0.003,0.871
122.94,88,3.33,0.417,0.003,0.872
122.97,88,3.33,0.418,0.003,0.871
123.00,88,3.33,0.417,0.002,0.866
123.03,88,3.33,0.415,0.001,0.858
123.06,88,3.33,0.415,0.002,0.863
123.10,88,3.33,0.417,0.002,0.851
123.13,88,3.33,0.420,0.003,0.853
123.16,88,3.33,0.421,0.004,0.852
123.20,88,3.33,0.424,0.004,0.852
123.24,88,3.33,0.425,0.004,0.851
123.27,88,3.33,0.426,0.004,0.852
123.30,88,3.33,0.426,0.004,0.851
123.33,88,3.33,0.427,0.004,0.851
123.36,88,3.33,0.427,0.004,0.850
123.40,88,3.33,0.426,0.004,0.855
123.44,88,3.33,0.426,0.004,0.858
123.47,88,3.33,0.425,0.003,0.869
123.50,88,3.33,0.424,0.003,0.863
123.53,88,3.33,0.424,0.003,0.866
123.57,88,3.33,0.424,0.003,0.868
123.60,88,3.33,0.424,0.003,0.868
123.63,88,3.33,0.425,0.003,0.867
123.66,88,3.33,0.424,0.004,0.869
123.71,88,3.33,0.426,0.003,0.872
123.74,88,3.33,0.424,0.003,0.867
123.77,88,3.33,0.424,0.004,0.868
123.80,88,3.33,0.425,0.003,0.869
123.83,88,3.33,0.425,0.003,0.874
123.86,88,3.33,0.425,0.003,0.874
123.89,88,3.33,0.425,0.003,0.876
123.94,88,3.33,0.425,0.003,0.880
123.97,88,3.33,0.426,0.003,0.878
124.00,88,3.33,0.423,0.002,0.875
124.03,86,4.00,0.423,0.002,0.865
124.06,84,4.67,0.423,0.002,0.857
124.10,84,4.67,0.423,0.002,0.853
124.13,84,4.67,0.424,0.002,0.852
124.17,84,4.67,0.424,0.002,0.856
124.21,84,4.67,0.426,0.002,0.861
124.24,84,4.67,0.426,0.003,0.865
124.27,84,4.67,0.426,0.003,0.866
124.30,84,4.67,0.426,0.003,0.870
124.33,84,4.67,0.425,0.003,0.871
124.36,84,4.67,0.425,0.003,0.869
124.41,84,4.67,0.425,0.003,0.868
124.44,84,4.67,0.425,0.003,0.865
124.47,84,4.67,0.426,0.003,0.862
124.50,84,4.67,0.430,0.003,0.858
124.53,84,4.67,0.435,0.003,0.858
124.56,84,4.67,0.438,0.003,0.859
124.60,84,4.67,0.436,0.003,0.869
124.63,84,4.67,0.437,0.003,0.878
124.67,84,4.67,0.437,0.003,0.880
124.72,84,4.67,0.438,0.002,0.884
124.74,84,4.67,0.438,0.003,0.884
124.77,84,4.67,0.437,0.002,0.888
124.80,84,4.67,0.435,0.002,0.887
124.83,84,4.67,0.435,0.002,0.885
124.86,84,4.67,0.435,0.003,0.892
124.90,84,4.67,0.434,0.003,0.887
124.93,84,4.67,0.434,0.003,0.872
124.97,84,4.67,0.434,0.003,0.872
125.01,84,4.67,0.436,0.003,0.868
125.04,84,4.67,0.441,0.004,0.868
125.07,84,4.67,0.439,0.004,0.865
125.10,84,4.67,0.439,0.005,0.867
125.13,84,4.67,0.439,0.004,0.866
125.16,84,4.67,0.438,0.005,0.866
125.19,84,4.67,0.436,0.005,0.866
125.24,84,4.67,0.434,0.006,0.859
125.27,84,4.67,0.434,0.006,0.861
125.30,84,4.67,0.435,0.005,0.861
125.33,84,4.67,0.435,0.005,0.860
125.37,84,4.67,0.435,0.005,0.859
125.40,84,4.67,0.436,0.005,0.861
125.43,84,4.67,0.436,0.005,0.860
125.46,84,4.67,0.435,0.005,0.859
125.51,84,4.67,0.437,0.004,0.858
125.54,84,4.67,0.435,0.005,0.856
125.57,84,4.67,0.435,0.005,0.854
125.60,84,4.67,0.434,0.005,0.848
125.63,84,4.67,0.434,0.005,0.847
125.66,84,4.67,0.435,0.004,0.846
125.70,84,4.67,0.433,0.004,0.842
125.73,84,4.67,0.433,0.004,0.844
125.77,84,4.67,0.432,0.004,0.845
125.81,84,4.67,0.428,0.003,0.845
125.84,84,4.67,0.428,0.003,0.851
125.87,84,4.67,0.427,0.003,0.849
125.90,84,4.67,0.429,0.003,0.848
125.93,84,4.67,0.431,0.003,0.843
